"id","scene","prompt","response","machine_decision","valid_output","finish_reason","latency_seconds","human_decision","reviewer_id","review_notes"
"1732","casual_chat","想听福寿草","但是她不会看片假名啊，她是罗马音战士！","R","True","stop","0.717927","","",""
"1733","casual_chat","不用了","什么，我说买点巧克力回去抽奖居然有人说不用了，哎不用客气啊不用客气我妈在讲电话，处理她的工作。对，这里有好多外国人，好多老外！这时候如果有一个会中文的外国人经过他就要说，你才是捞歪！hh","R","True","stop","1.350637","","",""
"1745","casual_chat","养生鸟","对啊，她很少喝这种东西的，并且她好像也不怎么喜欢喝甜的东西，还有杯薄荷森林我知道觉得薄荷森林还蛮好喝的啊。让我比较以外的是最后yousa还是鼓起勇气把荼生冻吃了，等过两天开播了再去听听她吃完的感受吧。","R","True","stop","0.599411","","",""
"1748","question_answer","膝盖怎么了 “喔，不小心摔了下”","米忽悠你坏事做尽","R","True","stop","0.880181","","",""
"1751","casual_chat","听到小天使念我名字吓下了一跳","那你是不是新的谁有啊？新人第一次送礼物被练到都会很激动一会儿……（其实是这位水友名字被念错过[hanser_滑稽]）","R","True","stop","0.651013","","",""
"1753","question_answer","为什么要把蟑螂抓到床上？（","什么奇怪的弹幕）","R","True","stop","0.762168","","",""
"1755","casual_chat","“下一个女人等着呢。”","“那下一个女人也不行啊，要是我就给你足够的自由。”","R","True","stop","0.55436","","",""
"1756","casual_chat","不会的啦！","不会？你就不能说可以嘛！就你懂，钢铁直男！ （发出了嫌弃的声音）看见有人预约人死后AI会模拟你在社交软件上的人格虚拟一个形象和亲人交流所以还是要注意言辞，别太直别到时候未来孙女和你形象说话孙女：我好想你啊。你来一句“在？来张色图” 多尴尬啊（确实那就不好了 憨宝？没事啊反正现实里我也会说来张se图也有人说这个设定反人类，不好我觉得不至于，各取所需好了还看到那个《环梦巡游记》说人会经历两次死亡第一次是生理死亡，第二次是消失在别人的记忆里","R","True","stop","0.788927","","",""
"1758","casual_chat","不会，这样挺好","“好，那我不弄了（逃）。”","R","True","stop","0.648989","","",""
"1761","casual_chat","浴巾快递员。","弹幕的形容太准确了wwww","R","True","stop","0.759413","","",""
"1765","casual_chat","不要在医生面前提百度","他是生气了是吧，膝盖有问题能看中医吗？","R","True","stop","0.705589","","",""
"1766","casual_chat","每天一只板鸭病毒远离我","出新版本了？","R","True","stop","0.64312","","",""
"1767","casual_chat","北方表示第一次见","本身就是南方的。汤圆是甜的我不服打一下，芝麻花生馅的实在遭不住，只是我个人实在接受不了甜汤圆味道。//草莓汤圆那种北方人也接受不了。 //但是我好喜欢黑芝麻的","R","True","stop","0.689383","","",""
"1773","casual_chat","真理好难抽","没有啊，二十发。","R","True","stop","0.64986","","",""
"1777","casual_chat","没有","有嘛？跟着我的节奏一起点点头？诶 这是什么歌啊 好熟啊我搜一下","R","True","stop","0.646943","","",""
"1779","casual_chat","憨不适合配大小姐","铁道里的鸭子 她除了名字叫bronya以外就完全没有bronya的样子后崩的鸭子感觉她变威严了 但是还是她 铁道里的就完全不像鸭子了希儿也完全不希儿了 感觉都像变了一个人 也不太黑希的","R","True","stop","0.665134","","",""
"1780","casual_chat","大鸭鸭都不叫芽衣姐姐了","还是会叫啊 心里嘀咕的时候会叫的因为铁道是另一个世界线嘛 说不定另一个世界线就有和你完全不一样的你其实我觉得70%是天生 30%是后天 说不定另一个我和我们完全不一样 但那70%还是会一样的因为我观察过刚生出来的婴儿 因为那个时候是集体产房嘛，你就会看到很多小孩 有些小孩会笑 有些小孩会很闹 每个小孩生出来就是不一样的","R","True","stop","0.7293","","",""
"1782","question_answer","你怎么知道","你去看看那些的片子嘛","R","True","stop","0.693779","","",""
"1785","casual_chat","音量增大了不需要助听器了","真的吗，我音量增大了就不需要助听器了，这么好不要去避讳 人类都有这些阴暗的地方 我就是想观察一下 展示出来吧人类！","R","True","stop","0.681068","","",""
"1791","question_answer","电脑不会进水吗","不会啊战渣浪，对对对！！那个时候新浪过审的很奇怪那个时候我传的时候，每天都要看下有没有消失，如果消失了就要替换源他能不能存活完全随机 那个时候真的很麻烦那个时候真的使用后黑来压码率 技术很古怪 但可以做到很高清从哪年开始b站可以传视频来着？大家当时都很震惊b站还是挺有心的 以前我从渣浪外联的他都存在本地了","R","True","stop","0.831999","","",""
"1792","casual_chat","七月份","bw应该会去吧~但是bml我不是很想去，但必需要去因为不上bml有些人可能有非议“为什么不让憨憨上，哼！”但其实我不想去的","R","True","stop","0.544503","","",""
"1793","question_answer","我是新人 主播好甜 主播是高中生吗","你什么意思 小学生 初中生 社畜女生 阿姨 奶奶就不能甜了吗！为什么主播甜就一定是高中生我有时候就看不懂这些弹幕，是在臊皮还是认真的网易云跟qq音乐同时打开，电脑会不会爆炸不知道你们经历过那个时代没有 360和qq管家天天打架 很恐怖 那是09还是10年","R","True","stop","0.542569","","",""
"1798","casual_chat","范围太小了","我不需要 我用的是线的 我买了哈 不好用你赔我（笑）","R","True","stop","0.541389","","",""
"1802","casual_chat","有没有可能是苹果手机问题","应该不会吧猜人物是怎么玩的啊","R","True","stop","0.516031","","",""
"1805","question_answer","憨色喝什么牌子的奶粉","我不喝奶粉，我重启试试","R","True","stop","0.673727","","",""
"1809","casual_chat","明年三月也是三月","没有啊 我不耍滑头 今年三月就是今年三月份，其实我基本上不做后期的嘛 就是流水账 剪完就发嘛但是我看二喵以往的那些联动的视频都是有做一点那种像综艺感的这种后期的 所以我觉得咱们还是做一下吧，然后她当时问我说 视频长度要多长嘛 我说你觉得呢？她说5-10分钟 我说：啊？我这边的观众可能会觉得太短了 因为我以往的vlog一般是半个小时一个小时所以我在想 这个时长要怎么控呢 太长了你们会不看吗","R","True","stop","0.587874","","",""
"1812","question_answer","发花絮吗？","不发花絮 从那三个机位挑素材挑的我头都快晕了但手法的话 我觉得她就比我强一点点 我表现没让她很失望","R","True","stop","0.680595","","",""
"1816","question_answer","江西哪里的","江西抚州（江西话）//什么万年不变问题","R","True","stop","0.604609","","",""
"1822","question_answer","左边那个是弹丸论破里的黑白熊吗","是的是的~应该是这个文件的问题 我重新下一遍试下 我看到这周的排行榜又有奇奇怪怪的东西","R","True","stop","0.636153","","",""
"1823","casual_chat","棉花糖应该是有机物","不是棉花糖呀 是棉花呀 为什么我要问这个问题呢//指标题：棉花能导电吗这个灯是个毛怪啊 它里面的话应该是有电线的吧 那这样子这个东西会不会漏电他使用上是否安全？我在想这个问题啊 现在的标题没有什么深意啊 我只在思考这个这个东西他使用上是否安全棉花本身是不导电的 是吧 里面是萤火虫吗 那不是很环保啊这个 萤火虫的话应该是发绿光啊","R","True","stop","0.875018","","",""
"1825","question_answer","你还想做成周边吗？","也不是不可以呀 我觉得大家可能没有没有这种需求//有的！电池款的吗 电池款的不会漏电什么吗 就是万一电路坏掉了什么的就可能会造成导电","R","True","stop","0.554179","","",""
"1826","casual_chat","毛怪因为憨开心到发光 憨竟然担心漏电","哈哈哈（sc：现在还能换拍立得吗 一直很期待）拍立得有个问题 其实不是我不让换了 拍立得充电器我在搬家捣腾东西的过程中充电器找不到了 我又觉得重新买一个比较浪费他那个原装的有点贵5分10分的 斗鱼可以换 b站不可以 这不是搞平台歧视哈毛怪抱枕？抱枕这个东西其实很难做出好的手感 而且你家里真的缺抱枕吗？ 你没发现 什么动漫 什么ip都在搞抱枕就拿我自己来说哈 我就床上放了一大堆商务抱枕 商务抱枕就是我合作过的那些那个厂商啊 就在想他们能不能搞点别的 我有个宗旨就是不要去做自己不会用的东西 睡都没地方睡了然后要丢吧又不好丢 然后摆在沙发上啊 那个餐椅上到处都是抱枕 其实我最不想做的就是抱枕","R","True","stop","0.561672","","",""
"1827","question_answer","为什么还没有弄手办","这个我之前回答过 简而言之就是做手办吃力不讨好 钢笔太小众了 反正钢笔是我不会做的东西 床上四件套我不会用卡通的 我一般用纯白的 一个是因为很朴实 看着舒服吧 睡觉就是这种洁净一片的感觉就好 还有一个是因为我拍照经常拿这个当背景不要催我出周边了 我开一个天选抽个挖耳勺好了 奖品数量我想想多少 30个吧我勋章等级设高一些 如果bw能顺利办 那么就设个摊 大家可以去展示自己的直播间牌子、自己的b站装扮啥的 免费送大家一些但是因为现在还没有开这个 现在比较稀缺嘛 我怕万一抽到不是我粉丝的人 去闲鱼上卖 我比较不想看到这种情况","R","True","stop","0.647793","","",""
"1836","casual_chat","首先你并不需要植发","总有人需要我分享的这些经验啊","R","True","stop","0.492742","","",""
"1841","casual_chat","这是脏话憨憨不要讲","因为我是后面学的 去讲脏话好像觉得不太脏","R","True","stop","0.740163","","",""
"1844","casual_chat","听憨色直播比我上网课还认真","你就不能认真上网课吗 你能不能想象一下 想象一下是憨色在给你上网课今天这个游戏叫做 我想把心脏交给你 是一个人类与机器人的故事啊作为一个主播 我还是非常喜欢观察人类的 今天呢就来观察一下机器人对 说到这个Hanser是机器人这回事啊 好像有位同学叫做 毕加索的猫 他好像找到了论证他想剪一个我唱的世末歌者那首歌的那个切片 但是我每次都会有不同程度的翻车所以他想通过好几次的录播拼成一首完整的不翻车的版本","R","True","stop","0.715023","","",""
"1845","casual_chat","麦克风跳红没关系 只要不是长时间","那如果10s跳红四五次正常吗对对对 就是这句话“如果手上没有剑 我就不能保护你。 如果我一直握着剑 我就无法抱紧你。”所以rap就可以边唱歌边说话是吧这是死神里的吧？死神里的谁说的吗","R","True","stop","0.863159","","",""
"1846","casual_chat","sc不是超级聊天而是醒目留言","在255它就叫超级聊天！对哈 我抱着你 你去搬砖 这就两全其美了对吧 两个人有四双手 诶？两个人有四只手吧//害怕 一个人有两双手","R","True","stop","0.8799","","",""
"1847","question_answer","喵帕斯是什么","刚才这首歌是一个番的ed 当中有个角色的口头禅就是“喵帕斯”当你想远离繁杂 想归隐田野 你可以去看看这部番那个番里的男主是不会说话的 无脸 全部都是女孩纸非常治愈，是治愈的乡村少女番~我去搞个龙角散等我下","R","True","stop","0.864618","","",""
"1849","casual_chat","真人版很难受","我一般是想看尬的才去看真人版的我一般是想去看尬的 就专门去看 越尬我觉得越爽我特别喜欢看真人版 特别是那些热门番火影为什么不出真人版？柯南为什么不出真人版？柯南如果有真人版 毛利兰的发型怎么还原","R","True","stop","0.93879","","",""
"1854","casual_chat","右键任务管理器找到进程然后前置","哦好的~桌面反应内心？那我心是空的？那你们内心是不是很乱这个画还是画的挺好的 没有看游戏名我都不知道怎么翻 我直接放游戏名好了什么高配版憨憨？什么鬼？ 我的人设跟她完全不一样！hanser的头发是交叉的好吧 我给你们讲下官方设定//比划起了头发到哪里一点都不像 光这个脑门的高度倒是挺像 这个交叉刘海明明显就不一样8年的hanser 谢谢你 你怎么这么能夸人啊 八年后我还能再次发育是吧？然后还这么年轻是吧？挺好的建议15岁以上观看 15禁肯定是不会有什么的//注明：以下内容为游戏环节，获得最佳观看体验请移步至录播，文转仅记录部分吐槽和部分的特定场景还原","R","True","stop","0.826077","","",""
"1855","casual_chat","手机也有辐射","但是手机的辐射太少了我觉得医生都这么说了 那有放射性肯定不好应该是拍的很久所以跟我说一下 我一声不吭 老老实实的做他说别的小朋友拍的时候都又吵又闹 我说我不是小朋友我很少听到别人叫我小朋友 再小都是青少年 可能是我穿的太土了","R","True","stop","0.792834","","",""
"1856","casual_chat","”男的去检查也检查出来这个","那是因为你太废宅了 肌肉不够","R","True","stop","0.605125","","",""
"1866","casual_chat","小孩子才做选择大人全都要","你全都吃是吧蟑螂有很多的病菌 而且你踩下去会爆浆啊 一脚一个","R","True","stop","0.618807","","",""
"1872","question_answer","什么时候跟大毛连麦","我什么时候要补时长我再跟她连麦 哪天我实在想不到播的内容 我就找她//jbf×2关于年龄限制这方面 严格一点是好事，可不可以脸纹识别 识别年龄不过一个礼拜玩1,2个小时确实少了 我觉得weekday可以1-2个小时 周末可以玩3个小时","R","True","stop","0.559726","","",""
"1879","question_answer","憨撒过慌吗","跟妈撒谎很多（接下来就是撒谎经典场景）张嘴就来","R","True","stop","0.673254","","",""
"1881","casual_chat","毛怪对hanser有多重要","是我的客户，是爸爸啊！大部分观众对主播是消遣的态度，我觉得很好；小部分把我当动力的，也挺好遇到开心的事情 他们为什么这么喜欢我啊 他们真是好好啊","R","True","stop","0.716556","","",""
"1882","question_answer","什么以怨报德","嘿嘿嘿嘿要脸啊就感觉自己的温柔有被看到的感觉hanser用的什么麦克风呢 是奶瓶吗 叫做babybottle","R","True","stop","0.440274","","",""
"1883","question_answer","憨色喜欢冬天吃冰棍吗","喜欢！真的有奶粉拌面 火鸡面里有芝士奶油味的 它里面有一包芝士粉 比寻常普通口味的好吃","R","True","stop","0.972159","","",""
"1904","casual_chat","我去找我爷爷？","爷爷做了什么你要这么为难他233，爷爷唱了起来。","R","True","stop","0.603801","","",""
"1905","question_answer","眼睛看不见可以换吗？","眼睛看不见还是让爷爷帮你换吧。失眠飞行，咱们可以唱晚安歌了哈，憨憨今天身体不适，疲软，就早点下播了哈。","R","True","stop","0.458999","","",""
"1906","casual_chat","这俩人都不看弹幕","确实hhhh，沉浸进去了Y：我去发个弹幕说一下//总之好像确实是阿b的锅Y：我看弹幕的，你不看是因为你眼里只有我~","R","True","stop","0.772189","","",""
"1910","casual_chat","会呛到","不是呛到，就是会喷，整桌子菜会变成就只有你一个人能吃了23333，就比如说做了一个青椒炒肉，做了一个西红柿炒蛋，你一个喷嚏打过去就变成了，青椒炒肉盖饭，西红柿炒蛋盖饭啊什么的哈哈哈哈哈 //[表情]盖青椒炒肉x","R","True","stop","0.770602","","",""
"1923","casual_chat","假的引流的","这种软件真的有用吗，就算我下载了，我反应过来也会卸载掉的，如果我给底下颁发了任务，然后底下用欺骗的方式骗人下载了，但是都没有留住用户用app，这样算任务完成嘛，这样有什么意义嘛。（","R","True","stop","0.634218","","",""
"1936","casual_chat","那怕要不是要好多集","是因为你玩的比较久啦，其实崩三的主线也没有很多的（憨憨带你一分钟回顾崩坏三主线）你看我这么一说几分钟就说了两三年的剧情了。","R","True","stop","0.492095","","",""
"1937","casual_chat","家教一开始想做日常番的","那是我为什么就突然改了鸭，是因为后面突然火了嘛？","R","True","stop","0.897289","","",""
"1939","casual_chat","谁家水壶开了","谁家水壶这样叫啊，水壶应该是（水壶.mp3）哎呀！我真的好吵啊，我自己麦返把自己伤到了","R","True","stop","0.559209","","",""
"1940","casual_chat","终于想不出来标题了","话说我之前在斗鱼的时候有想过不一样的标题嘛？我记得好像每天都是什么周一周三好什么的，","R","True","stop","0.52254","","",""
"1942","casual_chat","克拉拉这种机制的c基本好久才会过气呢","这么厉害嘛？那哪个主c保值一些呢，我不是强度党，但是再怎么着也得能用吧，最起码能把深渊10打完叭，那个蝗灾我后面就没玩了，那么难一下就没玩了。","R","True","stop","0.675757","","",""
"1949","casual_chat","想听这个B啾","是那首サインはB 吧！（天使清唱），那也不能直接叫B啾吧！那就唱一下B啾吧。说出来有些丢人我唱这首歌手舞足蹈的，但是没有像那么里面手指伸出来啦，离麦克风太近了，就举个拳头来给自己打拍子，唱完之后好热好热。sc：因为憨的papillon所以开始学说唱了。","R","True","stop","0.615977","","",""
"1952","casual_chat","憨会唱数码宝贝嘛？","哪一首鸭（哼唱.mp3）不是不是这个是进化的音效，听一下听一下。（唱了一半）不会啦不会啦，（弹幕已经超进化了）","R","True","stop","0.859634","","",""
"1957","casual_chat","七天","那就是你的问题啊！我有播的！","R","True","stop","0.676217","","",""
"1961","question_answer","扑满叫什么","我的叫毛球，因为感觉和毛怪比较像嘛。我看解释其他都是跟宝可梦有关的，不过我就看过一个版的，所以你们说的那些梗我都不知道了，后面出了好多部，还出了中文配音版的，其中xyz的伊布是我配的，配那个东西特别耗时间，台词特别的碎，后面就没配了。（伊布.mp3（可爱！））只有我远程得配太麻烦了，什么都要自己做，在录音棚的话录音师会帮忙做这些的，录音师真的超级重要的，录音基本不会能一次录完的，录音师要反应配音演员那句是要的，哪句是不要的，还要剪拼好多事情，精力要高度集中！要手快，对对对他们还要超快的切片，他们是真的搞切片的。","R","True","stop","0.758478","","",""
"1964","casual_chat","这些更新是为了跟上时代","更新新功能还好，有些就是为了让人难受做的改动，微博就老是做那些事情。b站的还好，说起来有次b站更新有次会自动创建粉丝团，然后会自动创建粉丝团，就类似粉丝群的那样，我的是这样的（快来做我的粉丝，加入我的粉丝团吧，kira（颜文字））那时候我的人设还是惜字如金的人设！他给每个up主是随机的，而我刚好抽到了这个，当时真的好生气。","R","True","stop","0.787433","","",""
"1966","question_answer","为什么不让过","那个是一段a片里面的片段，我可能真的是正人君子，我看完甚至觉得电脑很干净，看完那个视频有种女孩子把我电脑舔干净的感觉！明明我才是正经的，明明是他才不正经的！","R","True","stop","0.943267","","",""
"1968","casual_chat","现在重投试试","那现在vr会挨骂。可能那边骂很厉害，到我这边最多就是（","R","True","stop","0.69437","","",""
"1970","question_answer","你要不要看你在说什么","但是他不违法啊，就是啊哈行为，世界上能得到那么多人喜欢的作品真的不常有啊，那些后果做出来了就要承担，无论怎么样我都会做好觉悟的，带着铁桶和盔甲生活这也是一种觉悟啊！","R","True","stop","0.938409","","",""
"1971","casual_chat","所以现在作者都是用笔名了啊","这个也基本没用啊，之前那些下海过的cv就算套着马甲后面也会被翻出来的，你们知道嘛？你们知道的所有能叫上名字的男cv都配过bl广播剧！女cv可能还有些包袱，男cv真的对这方面没什么想法吧，有些还会带一些马甲，有些甚至是原名直接上有些还是配那个火的，有过一段时间通过声优找片子看的时期，之前很哈声优，之前会看声优的好多物料看，之前物料真的超级难，但因此有更多的厨力！之前看的时候发现每一个男cv都有配过bl广播剧！","R","True","stop","0.691763","","",""
"1972","casual_chat","吃一个不会觉得不对劲嘛","样子也很像的，味道也是。买健胃消食片胃痛的时候吃健胃消食片有用，我就当胃药吃了","R","True","stop","0.631118","","",""
"1987","casual_chat","憨憨还有一抹憨色嘛","我手里还有四五十份，打算pv发的差不多的时候，当做周边送掉，现在好像是在顺丰仓库吧，要是找不到了后面发现了那就摆摊卖碟吧！真的超复古超酷欸。","R","True","stop","0.70829","","",""
"1989","casual_chat","去年","我还以为是前年呢，有专辑卖完之后观众的嘛？谢谢新粉~","R","True","stop","0.479612","","",""
"1996","casual_chat","小缘喵在打黑鸭","那个时候的配音太青涩了不想听！","R","True","stop","0.697723","","",""
"2017","casual_chat","然后后面找一顿打","为什么鸭，但是法律上确实有规定未成年人不能喝酒的嘛。这件事过了之后和s小姐喝酒的时候，其实就是我陪着她，然后看着她喝，她就只点那种鸡尾酒喝了。说起来之前推荐的低度鸡尾酒就倒闭了，为什么啊，那么好的店。厦门还有蛮多挺酷的店的，但是一想到里面有酒鬼就感觉不好了，名字带果的那种感觉都低度数也很好喝。","R","True","stop","0.648123","","",""
"2021","question_answer","憨憨是怎么走向配音这条路的","之前都是网配，米哈游之后才有好多商单给配了，不对，之前也有但是很少。（","R","True","stop","0.982292","","",""
"2027","casual_chat","凉果能投稿嘛","可以啊！可以匿个名投稿！你这一问我还问到我了，我还真好奇他怎么看我的，应该还蛮难搞的要不就在暴怒下一秒就在爆哭，一开始是要呵斥他一样，后面突然就开始爆哭了。","R","True","stop","0.837406","","",""
"2031","casual_chat","就是写不完的","哦~就是一直在写的那种嘛？那这种要怎么看呀。那诸天流和洪荒流呢？","R","True","stop","0.597666","","",""
"2032","casual_chat","多种神话组合到一起","哦，这样啊。（作者：写小说和生孩子一样）但是生孩子不用一直生鸭。（作者hanser的评论区也有负面的讨厌评论叭）","R","True","stop","0.831606","","",""
"2034","casual_chat","铁窗泪","对啊www，我还好奇哪来这么多稻草啊。","R","True","stop","0.816362","","",""
"2038","question_answer","怎么没有凉菓的投稿呢","我也在期待呢。L18//剧组上班（作者：还要会后期制作）","R","True","stop","1.047172","","",""
"2043","comfort","上大学好累，好多时候都想回高中休息了","坚持！想想自己的目标！对啊高中不是会更累嘛芜湖！晚上我要吃小龙坎！我点了小龙坎的外卖，没想到可以吃两顿！","R","True","stop","0.507214","","",""
"2046","question_answer","什么叫复古风呢","怎么说呢，最近唱的歌的话其实这首歌就不是很现代（月，失恋阵线联盟）懂吧，就是这种感觉","R","True","stop","0.939453","","",""
"2058","casual_chat","工作自评","是的是的","R","True","stop","0.56839","","",""
"2064","casual_chat","刚刚的口音很像山西话","欸？那还能其他地方的口音唱嘛，欸？我们江西话是什么样的啊（闽南版夜曲.jpg）江西话这么说啊算了算了不会唱，还蛮像川普的，川普我会那个《火》其他就不会了。","R","True","stop","0.924054","","",""
"2066","casual_chat","可以拍成友情电影的情节了","我和她可是世界上最好的朋友~但是这个人还好无语，来了之后都一点半了，我去开门，问她要不要洗澡，然后她说不洗，我说“我洗得香香的，床挺大的，你离我远一点”后面开始睡觉的时候，她说她没做日常，然后就开始打开崩铁闪闪闪，背着都睡不着！玩就玩嘛，还非要借别人的希儿用！还想和她一起去一次江西啊。","R","True","stop","0.679174","","",""
"2090","casual_chat","这次活动剧情还蛮好的","但是我不喜欢阶段的打，我喜欢囤起来打！我是属于沉浸性打的时候不会再话没说完的就切的，我们前两天玩天下第一游戏的时候90%都是有切的，为了直播效果，不然打完要200个小时都不能打完呢，我是想四五十个小时把这个游戏完结呢！崩铁1.0的时候真的沉浸感太强啦，那时候还让我欢呼崩坏星穹铁道真的是太好玩啦！一段时间之后就没感觉了，所以打算屯一屯。碰到一个会让人上瘾，想让人不眠不休的真的很幸福啊，但是这种一年能有一两部就已经很不错了我的话看的番剧好像就食戟之灵 fate 鲁路修 黑色笔记小本本 未来日记 龙珠。剧情比较刺激的，好在意后面的剧情，好在意啊好在意啊！急急急！","R","True","stop","0.519972","","",""
"2093","casual_chat","会有唱跳版本的嘛","这个舞蹈都是那种性感的动作！看一下这个舞蹈的视频吧（BV1tb411T7Ys）欸？小缘喵会跳这个嘛？想看小缘喵跳！我觉得很适合小缘喵！我记得有首歌很好看（DDU DU（BV18W411c7Qj））这种就很适合小缘喵，就想看小缘喵跳个副歌高潮部分！我记得副歌纯扭胯！想看小缘喵跳这个！但她好像不太喜欢这个组合，我问一下我给她发个语音：你会跳嘟噜嘟噜阿爷阿爷的那首歌，想看你看跳这个。她应该不会误解成我在东北玩泥巴吧，不过那个也不是不行！","R","True","stop","0.686098","","",""
"2098","casual_chat","三无老大，茶叔","对对对。","R","True","stop","0.524979","","",""
"2102","casual_chat","让凉果帮你们播","也不是不可以再看~","R","True","stop","0.501508","","",""
"2106","question_answer","什么时候憨憨再拍游泳视频啊","我还剪好了个视频鸭式入水；烦死了！我一打开手机就是什么发量很少，我在看假发测评！忘记调音量了！什么是鸭式入水呢？（看视频：鸭式入水~）这边还挺危险的差点就打到它的尾巴了，碰到了还要扣钱呢！","R","True","stop","0.490291","","",""
"2107","casual_chat","女生又不是机器肯定不能用一种方法的","但是人类就是一个高精度的机器鸭，为人处世都有方法的，那么恋爱也可能会有吧一本是当故事书来看，另一本当工具书看。以前读书回的时候，每周都读一本的话我读着都有点腻，所以以后打算一周读一本交叉着读。","R","True","stop","0.52448","","",""
"2109","casual_chat","好像还要出第二部了，被帅哥包围的那种","两遍都物色一下这样两遍就都没有怨言了吧。","R","True","stop","0.692893","","",""
"2110","casual_chat","明天小缘直播打最后一课","我本来觉得大毛可能就是图个新鲜的，她能玩下去我还蛮意外的。","R","True","stop","0.645944","","",""
"2111","casual_chat","是不是碰瓷被带走了啊","这些都是老板的摇钱树啊，肯定不会被带走的嘛。最后一项动态提铺，太冷了没过！第一天穿的那个还蛮厚的，后面考试穿着两件都冷的干呕，最后教练说让我别考了，拍一下好看的视频好了，我就直接脱掉厚的黑潜水服拍了，用回光返照的力量拍下了那个视频，已经尽量保持动作比较优美了，大家没有看出来我已经冷的干呕了已经。大家看着我腿长可能是因为脚蹼和镜头畸变的原因，我没有拉腿啦！我还没有学会这项技能，但是教练拍的啊。打算在厦门找个地方练一练，等明年五六月没那么冷的时候再去考一次！","R","True","stop","0.584967","","",""
"2113","casual_chat","凉菓是家长","不是，凉菓也是娃娃脸，凉菓是用淀粉和甜品堆出来的娃娃脸。我说我高三了。","R","True","stop","0.550972","","",""
"2116","casual_chat","是的，上色。","（撒芝麻）","R","True","stop","0.533867","","",""
"2119","casual_chat","凉果是哑巴嘛？","是的，凉果是哑巴所以我们都是在QQ上对接的，就因为他是哑巴！","R","True","stop","0.684091","","",""
"2120","casual_chat","凉果说他要点外卖了","人家根本没说好吧！人家是哑巴欸！","R","True","stop","0.620304","","",""
"2121","casual_chat","人家在动态说了","在这边做饭你还有闲心。","R","True","stop","0.411987","","",""
"2124","casual_chat","上菜太慢","www","R","True","stop","0.726958","","",""
"2126","casual_chat","配方教一下","那一会我发配方，七海发图片好吧，一会我把配方给大家写一下。","R","True","stop","0.756378","","",""
"2140","casual_chat","工作是去那边还是在家啊","分好几档的，大公司基本就把酒店机票都包了直接去就可以了，还有小制作组就是让我自己录，其实中间还有一个档就是会连线指导，欸？那为什么那些不连线的是怎么回事呢？（一顿分析）算了算了不拐歪磨脚了！我就是觉得不负责！还有唱歌的话就喜欢自己录！喜欢自己闷头录！还有比起cyberangle我更喜欢越权访问，我不是不喜欢这首曲子，是因为我唱得太难听啦！我不是不想让你们听，我只是不想让你们听我唱得难听的，我觉得我唱得越权访问就很好！快来听！在棚子里面录就是又快又烂！米哈游还有b站的曲子都是这样！歌的话一般都是一天干掉，破纪录的歌就是拟剧论，录了两周差不多，这首歌看状态的，一天可能就只能唱歌一两个小时嗓子状态就不对了，就只能等明天再去录了。","R","True","stop","0.680614","","",""
"2157","casual_chat","不行就得和妹妹在一起！","你看！就是因为你们这些党政的，只有这样才能有讨论度，现在这样作者太懂了，现在的没活了就可以整白学，这种剧情只要刻画的好真的是看不腻鸭。","R","True","stop","0.916205","","",""
"2162","casual_chat","老画面觉得特别带劲","那是不是现在流行复古风啊。旧版的cv超级喜欢！以前这个脸还蛮好看的了，已经尽量很美型了。","R","True","stop","0.834829","","",""
"2175","casual_chat","今天bw的时候会被淹掉了","哦！今年bilibili water的时候是不是很有多人体验到了啊。","R","True","stop","0.614039","","",""
"2176","casual_chat","憨憨该下班了","对哦，我发现哦！我天天播的时候到点了就超多人跟我说到点了，但是一长时间不播然后复播了就会很少了。（欸！到点了但是她没发现太好了太好了）","R","True","stop","0.753514","","",""
"2181","casual_chat","50后","那你都可以当我爸妈喽！如果你父母是九零后你叫我阿姨我是信服口服的！","R","True","stop","1.013623","","",""
"2196","casual_chat","那就做好约定，都不给了嘛。","江西那边是不行的，会觉得好没有人情味。为什么不回老家，也不是因为躲这些，主要是没什么亲戚，他们对聂总的事情我都还记得呢！！说起来有违规生娃的地方，他们就会生的越厉害，这样回去确实也是一笔高销呢。那种地方都好喜欢大家庭，会觉得到时候长大总有几个混的好一点的还能互相帮忙的。但是生太多也不是很好鸭，人太多大家都很不互相喜欢，都没爱，也不会爱自己的父母，人太多了会不能平均的得到爱最后也不会有回馈，外婆去世的时候反正那些亲戚他们都是在做不当人的事情。","R","True","stop","0.814856","","",""
"2197","casual_chat","那你呢","我读书不行确实不行。在现在看我爸的人设真的好受女孩子喜欢鸭，很帅，很痞，关键还很聪明，平常不上课去鬼混知道很多人不知道的东西，关键成绩还很好名列前茅，文静一些的女生就喜欢这种鸭。当时判断爸爸来接我的时候，就是看到外婆拿着棍子追着爸爸跑那就是爸爸来接我了，在我眼里就是现实猫和老鼠，但是后面了解之后都是很希望对面死的那种，现在也就当乐子看了，以前他们把我保护的很好，在我看起来就是冤喜家庭；说起来当时猫和老鼠电视机里面没有，需要点播，一集4块呢，但是我有现实猫和老鼠看。","R","True","stop","0.707425","","",""
"2201","casual_chat","主歌会爆。","那就是因为我和麦太近了吧。","R","True","stop","0.9664","","",""
"2215","casual_chat","吃了啥呀","吃了一点江西小菜梗（听上去是这个），那个是辣的，然后吃完就成这个样子了，我吃个龙角散 //我也吃一个","R","True","stop","0.736697","","",""
"2221","casual_chat","来一个买醉","这个怎么弄啊","R","True","stop","0.475664","","",""
"2230","casual_chat","当面说人不好","因为这不是中国公司啊，中文加密通话 //草你看顶上的这个板嘛，可能是反光板？我觉得这家是懂装修的，这个光线就很自然，反正就是尽量让自己的产品看起来很棒，别人才回来买。没关系呀，他就算是听得懂，也是我给他们的建议改造嘛，因为参展一次花费也还是挺多的，成本挺高的。如果是中国公司的话还是挺希望他们下次能改进一点的，毕竟来一次展花费的成本真的很多。","R","True","stop","1.12938","","",""
"2242","casual_chat","那杆抢","别怕！我知道好多人都好久没听过这首歌了！咱们晚安歌就唱这个！先唱点正经的曲子吧。","R","True","stop","0.492641","","",""
"2244","casual_chat","不需等天晴","我知道好多人都想听那就唱吧，欸？怎么我把我的电脑注销了啊。我插一下移动硬盘。（黑屏时间","R","True","stop","0.520861","","",""
"2247","casual_chat","分几天做得","好的！这和地图不一样啊！这我哪知道在哪？！哦！原来是亮的！爷爷！我来交货了！修复一下就能展出了，感觉这就是在给大家看垃圾啊！好小气哦！5星琼5星琼的给！哦！这个小孩的性价比好高啊其实。嗯？又有新的小孩可以雇了（看弹幕）对，小孩不懂事可以多压榨压榨！","R","True","stop","0.832764","","",""
"2249","casual_chat","专武肯定是最好的","嗯，但是我没有材料了啊！接下来都可以继续抽了这个了（指角色池）（看到光锥想起配音光锥的话）那句话怎么手的呢？嗯！刚刚那局你玩的还不错，转换心情再来一句，我就是觉得配音的那段的时候声音好听。虽然你们经常说我声音好听，但是我们配音的时候还是会经常被说声音这句话不好听的！但是我录光锥的那几句感觉很好听！","R","True","stop","0.752265","","",""
"2256","casual_chat","因为得把奖励全部拿完","但是这个鞋子好丑啊！我不想换！","R","True","stop","0.44925","","",""
"2259","casual_chat","套套呢？","有几个要的，但是都是顺带带上的，没有单独要的。","R","True","stop","0.510279","","",""
"2261","question_answer","憨送过什么废物","蜡烛算废物吗wwwQ8 玩过多少剧本杀了，有印象深的吗A8其实剧本杀玩的挺多的，每个印象都还挺深的，最深的一次就是把kb玩的恐女了的那个hhh 我每次都抽到罕见！可恶！每次都是罕见角色！！还有一次叫了落星嘛，就是你在电视上看美女，看着真好看，但是你倒了现实中之后，你就会发现，能抗得住这种高清摄像头的美女，真的是，无瑕疵的，全方位的美丽，我会不好意思看她，看她会脸红不敢直视的那种，然后那次她把我壁咚在墙上，我都@#%%！#…#￥%@*￥话都不会说了hhh但是我干了一个非常直男的操作，后来抽道具暗杀的时候，我就想赶紧把她弄死吧hh，不然后面被她逼问我真的怕我抖出什么东西来，然后就想着赶紧把她弄死哈哈哈哈哈。","R","True","stop","0.586915","","",""
"2263","casual_chat","Mac生产力可以，玩游戏不行。","确实，当时我妈就是怕我打游戏，给我买的mac，大学的时候。晚安歌~晚安歌~威风堂堂吗？ //？可以啊，我刚才看到有人说威风堂堂，那就威风堂堂吧。","R","True","stop","0.678556","","",""
"2273","casual_chat","失业了（悲泣","）但我看你发这句话语气还是挺乐观的。","R","True","stop","0.632187","","",""
"2276","casual_chat","尬嘛","我不觉得啊，甚至我看的时候还会有一个tag是cos委托戒断反应，好多女生结束之后都还久久出不来，还是会不舍得，怅然失落，首先她能出这个cos的话你们就已经是同好，她还会照顾你。","R","True","stop","0.645774","","",""
"2283","casual_chat","19和20有区别嘛？","你这个好聪明啊你，虽然是有区别的，但是","R","True","stop","0.459767","","",""
"2299","casual_chat","穿增高鞋垫","说起来增高垫，记得关注米哈游临海绮律演唱会7月29日晚8点届时憨憨会穿上一个10m（口胡是cm）的鞋！我的腿看起来真的超级长！看起来都有一米七了！","R","True","stop","0.837849","","",""
"2304","casual_chat","我感觉是妈妈","为什么啊，爸爸就不行嘛？我之前见灼热就是一个爸爸鸭，我那年见他的时候他的女儿两岁，现在可能18了吧！他就很喜欢我的歌，还给自己家女儿放我的歌当学前教育呢。分享经验，我左边胳臂不长腋毛但是右边长了两三根，我坐公交车有时候没座位的时候会两个手一起抓住把手（据憨憨自己说是小脑有问题一个手抓不稳）那时候很在意别人的眼光，怕别人想我为什么刮毛只刮一半的变态。最后在我研究下家用的脱毛仪是真的有用的啊！用了两三个月时间就根除了！现在两边是一样的平衡了很爽！公交车是被迫性的超距离社交，年轻人的话就是玩手机，但是年龄大的人群会观察这些人，有人在看我时候我会想牙白牙白！不会被看到了吧！我不是刮毛只刮一半的变态啊！","R","True","stop","0.527206","","",""
"2309","casual_chat","周杰伦","欸？怎么哪里都没有版权啊！（百度搜歌词）这歌词也不对吧！看视频学：hanser 反方向的钟（BV1VT41167cq）（憨憨学ai憨憨唱歌，hanserxaihanser合唱）我去学一下吧！这首歌还蛮好听的，可是没有伴奏呜呜呜，突然好奇aihanser点击率最高的是什么，第一的就是这首欸，好巧","R","True","stop","0.833661","","",""
"2314","casual_chat","一模一样","你放心，我学动物就没有不像的www。可以养哦，不过会和鸟鸟打起来，鸟鸟也不喜欢这些尖锐的声音，所以还是算啦。","R","True","stop","0.699705","","",""
"2328","question_answer","为什么","这春困从春天困到现在真的很厉害啊！我不设闹钟的话好容易睡12个小时。","R","True","stop","0.756461","","",""
"2329","casual_chat","你说他很极端，但是你克服蟑螂的办法和这个也没有差多少","确实欸，我克服蟑螂的办法确实和这个的方法差不多欸，但是我没有克服啊，可能人类害怕蟑螂是天生的吧。我感觉可以给up主的素材用欸这个叫羞耻攻击练习啊。练习过的人表示都有用欸，那大家赶快去试试吧~你这是自由美利坚嘛？没有人看我们，要是在这边的话肯定会有人看的！这种就是逼自己一把啊！那我就是又焦虑又要逼自己一把的人啊，这次cos就是给自己整了个大的一旦有“我才不要做这种xx的事情”的这种想法的时候就把这种时候当做羞耻攻击练习的开始键，这个书你不要害人啊！万一有今天看了我的课，然后不知道自己的等级然后明天就搞了个大的！然后被拍到抖音上还火了他们这种老外跟我们不一样的文化就是看热闹，但是他们来了这边就会很快学会的，我就算有再忙的时候","R","True","stop","0.676205","","",""
"2337","casual_chat","上海蟹","（看到一个好玩的","R","True","stop","0.585659","","",""
"2338","teasing","小年轻是吧","（看了百合CP误解向的赵敏&周芷若混剪）下次我们直播划水看这个好不好！就怕可能有版权问题23331.51 你知道这个里面的金毛狮王吗？以前不是没有美瞳这种东西吗，然后人家演白色眼瞳纯靠自己翻白眼，真的很辛苦，然后眼睛就出问题了。之前去看了那个《封神》我发现在演那种白眼那种技术现在已经很发达了，整个眼睛就像被侵蚀过一样。","R","True","stop","0.828605","","",""
"2339","casual_chat","不看书嘛？","好好好，看书，找一首emo系的歌唱，我们今天看得书叫《胡思乱想消除指南》唱一首emo系的，然后消除它！","R","True","stop","0.638833","","",""
"2340","casual_chat","考科二憨憨可以祝我顺利~","（音效声）祝你开上车！这是什么呕吐物，是哪只猫吐的！（闻闻）不丑是鸟鸟的！","R","True","stop","0.740766","","",""
"2346","receiving_praise","其实她昨天在乱D但看了一圈说还是hanser好看。","我确实经常看到她跟经常形形色色的人互相看切片呢。","R","True","stop","0.597393","","",""
"2354","casual_chat","得赶紧来","我觉得20°以上都还可以吧。现在大家是不是都喜欢去小众景点了鸭，我看到最近有好多推荐小众景点的，大家都去小众景点的话那是不是热门景点人就会少了鸭！","R","True","stop","0.694587","","",""
"2363","casual_chat","不杀人就不血腥","那我想杀人，又不喜欢血腥，不是杀人啦，就是想做一些坏事。赛博朋克2077在我印象里面是讨论很高，但是后面就又骂声一片了，他到底是好游戏还是坏游戏啊，其实我看了他的动漫，我感觉他这种抛出一个很引人深思的问题的反而我没有很喜欢啊，世界上有那么多难以解决的问题，我作为一个渺小的人类就只能在这面前颤抖，还是奶头乐适合我","R","True","stop","0.59726","","",""
"2367","casual_chat","那个B真的","我觉得这个弹幕说的应该是那个（歌词里的）B唱得好是吧，但是你这个弹幕2333好像刚跟人吵完架，这个b真的hhh我今天选了一大堆很快的歌唱。唱两首月的歌吧，跟月亮有关的歌。哦周五投的歌是跟96猫的合唱！","R","True","stop","0.771758","","",""
"2372","question_answer","标题是什么意思呢","是我们每周的念邮件环境。周一是念书的！周三是念邮件周五会唱歌，偶尔会让大家提问！这三个是固定环节！除非hanser发懒了！如果是想看hanser正经内容是一三五8~10点，如果其他时间在播那大概率在划水~我们要劳逸结合~前面是服务于所有粉丝的，后面划水环节是给那些只要hanser播就看的人看的！今天的标题呢？是我们这周的话题！今天的所有东西是没有任何卡多卡哇手电筒，今天的东西呢，是没有任何赞助商的！都是自用好物啊！在聊直播属性的时候经常会被定义到二次元的，明明也没有一直看二次元，但是平常聊天的时候我用词和梗","R","True","stop","0.928939","","",""
"2374","casual_chat","这下听懂了","是什么书店，对！角川书店！","R","True","stop","0.555761","","",""
"2375","casual_chat","现在的番都没有了","现在的番都没有了啊，我现在看也感觉好就没看到了，但是我感觉没看过罪恶王冠，超跑的那种都不是老二次元的！以前那些肯定都有！一个梗啊，本来很丝滑的这样一解释就不丝滑了。为什么现在说这个话题呢？因为二月就要过年了嘛，年底是买东西换新最好的时间！现在推出这个话题就是给大家种草一下。","R","True","stop","0.632356","","",""
"2377","casual_chat","实在憋不住","如果实在憋不住，可以先去看新版我们一起看过的地方~说到新版昨天还看了一些mad，感觉这和我们看过的完全不一样呀，不过要对比的话，我可能还是会喜欢旧版分镜力量感压抑地方感觉做的要好一些，（看视频：BV1y34y1m716）感觉打斗的流畅度确实会好一些，但有些地方画的又有一点油腻。","R","True","stop","0.875675","","",""
"2385","casual_chat","艺术来源于生活","但是我们平常人能在平常的药店能拿到制作TNT级别的炸弹嘛？","R","True","stop","0.892911","","",""
"2386","casual_chat","粉尘，煤气罐","但是需要量大或者太大了啊","R","True","stop","0.478778","","",""
"2392","casual_chat","聂总爱憨是因为她是憨的妈妈","因为我们互相对有付出，聂总也看到了我对聂总的付出所以聂总才会给我爱嘛，也不是所有家长都会爱孩子嘛，如果我是一个调皮的坏小孩，我妈也还会真的爱我嘛？因为也是我对我妈有付出所有才会得到这份爱嘛，这个话题感觉可以引向付出的话题~这样说的话那我觉得我爸爸也不是爱我的嘛（","R","True","stop","0.557048","","",""
"2402","casual_chat","插个u盘就好了","u盘也可以当暂存盘的嘛？我试一下，但是只有一个怎么办鸭，它说我启动的时候按住按键就可以了，但是没有用啊，怎么更改呢？他不让我改！（","R","True","stop","0.495333","","",""
"2407","question_answer","为什么不叫大番薯","主要是针对南方小个子女生说的吧。","R","True","stop","0.554434","","",""
"2416","casual_chat","t0辅助","这么强的嘛？感觉阮梅蛮好看的，但是有一点素，属于是第一眼看很好看，但是看很久感觉就没有很好看了，我感觉花火真的很好看鸭，感觉审美被三次元带走了鸭！但是我想要一个火系的输出！她不是火系的输出！","R","True","stop","0.541766","","",""
"2417","casual_chat","姬子、萨姆","姬子输出不行啊，萨姆。","R","True","stop","0.589144","","",""
"2420","casual_chat","刚好立不案","那这个是老骗子啊，刚好卡着这个线，现在是多少可以立案啊，2000？","R","True","stop","0.72364","","",""
"2435","casual_chat","复制月光王座","那段真的是高光时刻嘛？","R","True","stop","0.976397","","",""
"2443","question_answer","憨憨寄什么呢？","要寄红包啊。","R","True","stop","0.699995","","",""
"2464","casual_chat","野狼disco","先让我唱一首慢歌，这首也潮！还有dj版？！这dj版没有那个味啊，还是唱原版吧。来来来，干完这一杯，干完这一杯，还有三杯。这首不是气泡音啊，这首就很有故事感的声音叭。气泡音就是有些摇头晃脑的感觉吧，我自我理解的话就是这样的。","R","True","stop","0.607701","","",""
"2467","casual_chat","憨憨知道自己的味道嘛","那我们就播到十点半再看猎人吧！从十点看和十一点看选择了折中的方案！我体香是土香的！我还以为我是奶香味道呢。鉴别体香方法：洗澡洗干净之后不要用特别大味道沐浴露，然后穿一件睡衣睡觉，然后明天起来闻睡衣的味道就是自己的味道，虽然自己问可能不明显，让爸爸妈妈闻可能会明显一些，还有猫猫狗狗也会问出来不同人不同的味道的。你们要不要春节送人礼物啊，可以送香水做礼物~推荐莎邦的纯牛奶。","R","True","stop","0.553","","",""
"2481","casual_chat","有没有炸串的味道","没有！我超喜欢点蜡烛！喜欢把家里点的香香的！这个是皮革与烟草，切嗣福尔摩斯的感觉，就是之前说的老登的味道。有御姐味道，这个雪松玫瑰，玫瑰和红茶的味道就是御姐的味道，我其实没有很喜欢玫瑰味道，因为我觉得玫瑰味道都有点妖艳儿的感觉。有一个我觉得男酮可能会喜欢，就是白袜子少年身上的肥皂味。上不了链接哦，没有链接可以上哦。上次马老师来的时候给点的就是这个，就是是黑色的，有一种魔女的感觉，咖啡奶酪味。还有火锅味我不知道这种味道我不太知道什么样的人群可能会需要。","R","True","stop","0.57194","","",""
"2487","question_answer","工友是什么味道","我哪里知道！我又没有抱着她吸过！应该是工业化工的味道。手机先关啦，休息一下以后开电脑大家一起去看四谎~我看有人说我袜子厚，我之前不是给你们推荐过嘛？就是要这种厚袜子，这样就不用穿棉拖鞋了嘛，不喜欢穿棉拖鞋的。","R","True","stop","1.096733","","",""
"2494","casual_chat","防火意识强烈","是的。","R","True","stop","0.696423","","",""
"2504","casual_chat","hanser真勇敢啊吃江西菜","有没有可能我就是江西人啊，想吃家乡的菜了，在江西吃其实也没有那么辣的，但是在厦门开的江西菜馆可能想凸显出他们是江西人所以做得特别辣！今天晚上是不是有315的直播啊，我好想看啊，那个听说就是吃了不干净的食品会拉，我好好奇啊，但是不能转播看的啊。欸，现在就是大家监控室老大爷的时间了，发挥一下，然后看完了讲讲说了什么内容现在聂总出门了只能点外卖了，发现点外卖更麻烦的啊！自己做饭都是洗碗机就可以了，但是点外卖需要自己洗外卖盒子！","R","True","stop","0.508672","","",""
"2520","casual_chat","有次吃了很多海鲜就过敏了","是的！我也不是天生的螨虫过敏，是学游泳的时候呛了一下那个水很脏，后面就会一直咳嗽，就好想做啊，这种脱敏治疗的感觉还可以，就是上药感觉很简单呀，但如果是带牙套就不能坚持下来了，感觉好麻烦啊，会影响到自己的生活的，吃东西都会被影响。","R","True","stop","0.878824","","",""
"2524","casual_chat","一天就会退回去","那还好。在之前的那几年装扮很火，但是现在就没什么动静了，b站那套不问天的好像卖了10w多","R","True","stop","0.819225","","",""
"2529","casual_chat","吴京","对对，在一次采访中把b站说成了甲浦甲浦。话说现在b站火了，也没怎么见过b站的模仿软件的啊","R","True","stop","0.814728","","",""
"2534","casual_chat","今天小缘也在直播","今天小缘喵也在直播啊，说起来小缘喵，给小缘喵又寄了自己不用的化妆品，好奇小缘喵能怎么样用蓝色和紫色的眼影化妆，","R","True","stop","0.908494","","",""
"2545","casual_chat","难如登天","那从0到弹出来一首要到多久啊，什么？还要力气的，木吉他会不会好一点啊，啊，电吉他好一点，木吉他更硬。","R","True","stop","0.893356","","",""
"2547","casual_chat","救人是有影响的没那么简单","我有证啊！有专门学习过的！突然想起来个笑话“海底捞4人多少钱”“你这个不好捞啊，怎么还掉海里了呢，我找人给你问问。”","R","True","stop","0.879345","","",""
"2550","casual_chat","经常这样","她好像不太在乎踩那个点，就我这么在乎嘛？","R","True","stop","0.613762","","",""
"2552","casual_chat","便宜的","www看视频（BV1xr421x7Mx）此yukari不是彼yukari！视频看过啦！你别打字了！快来人！","R","True","stop","0.660748","","",""
"2554","casual_chat","就是因为说你要看，我到现在都没看","就是要等我一千看","R","True","stop","0.696676","","",""
"2556","casual_chat","饿殍","古风歌我都不会唱啊，其实我饿殍那个投稿主题曲我自己都没有听过的啊。抽奖结束啦，恭喜这几位同学~","R","True","stop","0.5682","","",""
"2557","casual_chat","需要能读取蓝光的光驱","也就是跟我电脑屏幕什么的没有关系是叭。我们定个顺序吧，芙莉莲，蓝锁，小樱，龙虎","R","True","stop","0.649894","","",""
"2559","casual_chat","当时看这番一听这歌就流泪","我当时还哭得断气呢，其实我没有那么喜欢这部番，但看的时候就是哭得断气了。什么？这个还有真人版？我知道弹丸论破有舞台剧，日本人真的很喜欢舞台剧的啊，还出了个很有名的狛枝凪斗擦玻璃表情包。","R","True","stop","0.621581","","",""
"2561","casual_chat","再过几十年上万了","再过几十年没人认识这个ip了。其实有些番播的时候特别特别火，播完了就没什么热度了，但是有些番播过很久也有人提，比如eva啊龙珠这种。//谢礼物~","R","True","stop","0.478436","","",""
"2562","casual_chat","他们可能是故意的","可能是哦，但我也分辨不出来是故意的还是啥。我最近几年看的那个最好的恐怖片就是台湾的那个《咒》。它里面的那个房子啊建筑啊，太厦门了，代入感太强了2333，还有它一直把那种“未知才是最恐怖的”这个贯彻到底，一直到最后，我觉得写得很好。255胆小鬼太多了）hhhh对，真的2333我还收藏了一些，【报菜名】 //输入法不认识！太难打了！摆！","R","True","stop","0.51277","","",""
"2577","casual_chat","我是萌王","你说小樱啊，我们下周看这个吧。小时候还是没有很喜欢看灌篮高手的，之前弟弟喜欢看就跟着看一些，那时候还是魔卡少女樱，美少女战士那种看着多一些。死火海，海贼王没看过，其他都看过，火影好像还是上网之后才开始看的。说起来五条悟是不是要复活的啊富坚我感觉每次看的时候都会忘记前面的内容，所以每次看的时候基本会把之前都看一下，我感觉我再看几遍都能跟大家讲了。","R","True","stop","0.514917","","",""
"2591","casual_chat","十点能念完嘛？","这期选的比较少啊。欸？星铁演唱会嘛？算了不看！看录播！看好多都在转播，我们这边就让直播池更丰富一点~螨虫汁提前滴过啦，不然开播即闭嘴还是不太好。五一快乐哦！要是想去看就去看嘛，不然两个都看不好，效果都不好~","R","True","stop","0.805551","","",""
"2593","question_answer","初音现货有什么推荐","你说的跟我这直播间跟带货的一样www，一般的话需要先付定金，然后再要补尾款，我们的定金50！直接vx就可以！等我吃完kfc就拉黑你！现在看到那种说p话的弹幕也觉得好意思啊，以前就不会，记得以前在敌台的时候播jk制服展示回的时候，有弹幕问道老板你那码最大最小是多少啊，你要是让我听到这种我得跳起来跟你解释！","R","True","stop","0.939108","","",""
"2596","question_answer","你为什么不去唱","我不能这样上台啊！我怂！她没了其他我等录播了。这个应该不是麦的问题吧，可能是有什么考量吧，不然看直播的话没有现场观众的声音，听起来很冷清，所以会这样吧。","R","True","stop","0.557459","","",""
"2601","question_answer","大爷开的什么车","你这个问题问的好！真的是欸，以前我们看也有一个这种的，成绩很好老师也喜欢他，他是班长型但是他和很多坏学生玩在一起。","R","True","stop","0.557034","","",""
"2603","casual_chat","今天看小樱嘛？","看，你要看左边那边的公告鸭！我发现我上飞机还咳嗽的时候，机场的人还会对我特别温柔，本来是很营业的那种语气，然后看我咳嗽得很厉害就用很温柔的语气和我说话还帮我办手续。上次遇到这种人间温暖的时候，还是腿受伤的时候，那次甚至打车要下车的时候，那个司机都搀扶着我下车。昨天录音的时候staff给了三星和银狼联动的周边，那个图好好看啊，是新图！给的时候光顾着说谢谢了，也没注意是谁给的。我拿着那个坐飞机的时候，有个打扮很不是这个圈子的人，还问了我这是不是二次元的东西啊，我说了是鼠标垫，没说是二次元，但也不排除是二次元的东西，现在聂总那边同事也都知道二次元了啊，二次元是真的火了啊。","R","True","stop","0.82053","","",""
"2616","casual_chat","刚才有点anon的感觉","这样哑哑的，再夹的就像anon酱嘛？（やった！soyo桑love！）其实我模仿的最多的是奶奶的，乐奈的おばあちゃんの~","R","True","stop","0.815524","","",""
"2617","casual_chat","有没有好物推荐","碘伏棉签~（卡顿ing）还有超能便捷去渍笔，吃饭的时候不小心弄到身上的话可以用那个涂涂涂就干净啦。还有一次性洗脸巾，降暑湿巾也不错~重要的是不要带太多的东西，带太多的东西是光展的禁忌！Q：憨憨觉得什么事情可以做一辈子？A：除了吃饭睡觉呼吸这些人类都会做的事情以外的话，我应该就是喜欢二次元，喜欢acg，喜欢打游戏我应该是可以喜欢一辈子。","R","True","stop","0.55451","","",""
"2619","casual_chat","学习一辈子","你们好正能量啊，学到老~Q：憨之后直播打算再看哪部番？A：播铁道吧！Q：憨会因为一个角色或是一个片段而去追一部番嘛？A：会的！就是因为一个片段看了蓝色监狱。我二次元浓度最高的时候会因为一个角色一个声音而去看一部番的，有段时候玩游戏看番的时候都会先看配音表，然后再做决定看不看。Q：遇到和自己中二期很像的小孩会感到尴尬嘛？A：不会鸭，我就有个六岁的朋友，她也很喜欢看小樱，她还能跟我发癫，说什么王小明好帅啊什么的，我当时哪有这种朋友啊！我还羡慕她嘞！","R","True","stop","0.521646","","",""
"2622","casual_chat","开始有点怕你，后面会追着找你","对！是的！你也经历过是吧！Q：小天使吃过的最小众的食物是什么？A：我自己做的应该就算吧（？）草莓烧肉应该算小众吧。还有虫子（？）厦门有家东北烧烤有烤蝉蛹的。东北是真的有这个菜啊。Q：小天使直播这么多年有什么感受嘛？A：你说得有点早啊！打算到合同到期后面再聊！好多人说博主粉丝越多会变得越人机，小众的时候还能聊自己想说的，越多就越有顾虑了，也就开始不想说了，就越来越人机了。（卡顿ing）我是不是被人偷网了啊！（卡卡卡）","R","True","stop","0.723687","","",""
"2626","casual_chat","小米不卡","真的嘛？小米真的不卡嘛？我在考虑是真的是不是该换了，我在厨房都会有点连不上。算了还是刷华为不卡的人多！那还是华为！（SC指导查网络）","R","True","stop","0.645374","","",""
"2627","casual_chat","中了彩票又如何呢？","好一部分的终极理想就是能在自己家里面躺着就可以赚钱了吧，如果你不想中可以给我中！Q：百毒不侵和金刚不坏刚想要哪个？A：百毒不侵我觉得在日常生活中是没有什么用的，但是金刚不坏感觉还是很有用的吧！并且百毒不侵可能会被关实验室啊！不过在超级英雄里面很有用的吧。Q：憨憨有什么倒时差的秘诀嘛？A：嗯睡。或者狂做运动！不过要在睡前二三个小时~我就喜欢让自己站着玩手机，这样感觉自己超累的。本来从冰岛回来作息还是蛮正常的，就因为那个双黄让我今天熬到早上！Q：憨怎么理解美的东西一直很美这句话A：不理解Q：憨十年前打游戏会用小本本记攻略嘛？A：不记！我是天才游戏少女！我就是直接脸滚键盘然后打赢的！我以前玩游戏还是中上游的水平呢！","R","True","stop","0.751106","","",""
"2630","casual_chat","主播左上角忘改了","对对对，现在就改。今天看邮件，bw印象深刻的事~大家不要写流水账啊！写作文要审题鸭！虽然这种我没有选，但是我都是看了的，看着大家的投稿真的是回忆满满鸭，看着好多人还有戒断反应呢，里面还有一个没去bw都被选上的同学，真的是天才吧。为了不戒断反应还后面和s小姐姐去玩了，然后kb让我弄个东西，明明是能点两下就能结束的，还打算拖两天，因为还没有收心什么都不想干。接到电话给你改签的，如果是真人的话一定是骗子！现在各大机场都是用ai的那种，如果是真人的话一定是骗子！今天我们的投稿就有一个差点被骗的经历。","R","True","stop","0.549206","","",""
"2631","casual_chat","hanser你再看看sc","憨憨你还记得我嘛？你在你家吃饭，我在我家吃饭。啊，对不起，我有没有凶你啊，没有就好没有就好。","R","True","stop","0.660794","","",""
"2632","casual_chat","中毒，中暑","这是吃了什么东西中毒了啊。（萨姆cos）天哪这得多重啊。对了这次据说崩三站台人特别多！崩二的也很多，甚至比某些地方都多！这次有些同学拿到我们的物料还觉得这次物料少，你看看隔壁崩坏星穹铁道，就一张明信片！还得拍照打卡！我们什么也不用啊，朋友！并且人家大ip才这些东西！我不是说崩铁东西少啊，现在真的是经济不景气啊。欸？我画的就是这张欸，（一张miku）。我看有人切片讲这件事（hanser偷偷跑去BW和小缘玩角色扮演）朋友！你要说cospaly啊！你不要说角色扮演！这感觉好怪啊！我没有说我没有去啊，我只是说我不cos满穗，不cos银狼，我cos了个男角色，今年我一共就有四个人和我集邮，冷门ip是这样的，等一会边看邮件边聊叭。","R","True","stop","0.763511","","",""
"2636","receiving_praise","吃东西会让腰不好看","欸，你吃一点东西不会影响你的腰的啊，说起来一般30之后发福，我真的有啊，在以前的时候我都穿不了正常女性s码，这次可以了！我也并不是瘦，只是有点骨架小。对了！给大家看看bw试听站的原视频，前面四首都是二专的曲子，其他都是干扰音频了。08号就是这个了。什么叫卡卡西拷贝忍者！这完全一致吧！我觉得还是放在一起好玩，左边是她，右边是我。我自己录的时候笑的半死，全程在笑www，就那些语气词太好笑了www。她好像还不知道，她来我们展台听了嘛？应该是没有，就应该给大毛听啊！她那么有节目效果一定能抽到的，就应该给她抽一下！（不看切片血亏，推荐BV1iE421w7so，憨憨模仿的原视频BV1nx411d7fU）","R","True","stop","0.707532","","",""
"2639","casual_chat","问一下银狼c服推荐","裤子是定制的，因为最小的尺码穿不上。衣服：德拉克斯网袜/眼镜：满月樱假发：（姑且告诉你们在哪里买，最后也没说xxx）哪里都可以，是自己改的腿部挂件：司南cos脖环：自己做的耳钉：凌云cosplay发夹：秀琴家鞋子：cos60度涡轮：欸？没了？店铺没了，那个主要是看中了渐变色cos是真的是一件需要用心做的事情啊，甚至还模仿了银狼的声线了呢，多用心啊。我发现我对cos还是蛮上心啊！","R","True","stop","0.508039","","",""
"2644","casual_chat","虽然憨憨以后可能会记不得我了，但是我还是会记得憨憨的","到50年之后还能记得嘛？Q：憨这届奥约会有期待的项目嘛？A：还有花滑嘛？没有的还是不怎么想看的。其他想看能当爽剧看的！比如乒乓球！跳水！体操！女排！游泳！有没有憋气呀。以前是不是说有街舞进奥约会了啊，哦是霹雳舞，我们小时候霹雳舞是孙红雷的那个。Q：小天使有没有喜欢的二创视频啊A:你可以之后看一抹憨色二创活动的评分~Q：学拍照的话要从哪里开始鸭A：从拿起手机开始！","R","True","stop","0.676211","","",""
"2646","casual_chat","冰工厂","冰工厂！说起来以前有个很好吃的老版Q：憨憨觉得自己吃谷最高兴/最非酋的时候A：我是不怎么喜欢赌的。最喜欢的时候是买蓝色监狱，那时候在想到底是推谁，然后出了一个角色，就开始喜欢上了，有一种他让我喜欢他的感觉！Q：看看gbc有什么喜欢的片段嘛？A：486的片段Q：憨有什么集邮的技巧嘛？A：我都没找人集邮啊，就找了大咩和大毛集邮，对哦！我应该主动出击去集邮的。","R","True","stop","0.691772","","",""
"2649","casual_chat","量子女团","那首忘记了啊。","R","True","stop","0.884567","","",""
"2651","casual_chat","过膝袜","过膝袜可以，アイドル也可以，先唱アイドル，下一首唱过膝袜","R","True","stop","0.745753","","",""
"2655","casual_chat","四六级，身份证（还有各种地狱笑话","驾驶证）","R","True","stop","0.769566","","",""
"2656","casual_chat","但会被吊销，降级","还会降级的嘛？a照能开飞机嘛（然后说着说着变成b罩了）对不起我今天真的是脑子不清楚啊。你们说比a再高的是不是x，z这种啊，以前那些动画第二部不都是什么七龙珠x，z什么的嘛。那比a再上的是不是就是xz啊，再网上是不是就是可以开ufo了！开诺亚方舟！开休伯利安！","R","True","stop","0.554391","","",""
"2682","casual_chat","积分有其他获取方式嘛？","确实应该想一想了啊，我想一想。我不是毕业了啊！我只是直播签约到期了啊，他们这么大反应主要是好多是陪伴了好久的，突然没有坐班式的直播了，以后就是凭良心了！","R","True","stop","0.834344","","",""
"2690","casual_chat","主要是真的有用丝绸的","你是秦始皇哦，如果你不是秦始皇怎么穿越哦。","R","True","stop","0.687639","","",""
"2694","casual_chat","煲冬瓜喝","那是不是符咒水是不是能自助加东西呐，符咒捞！","R","True","stop","0.860424","","",""
"2701","casual_chat","念了扣蓝","哈哈哈哈，那我应该怎么回蓝呐。（讨论怎么回蓝ing）","R","True","stop","0.401093","","",""
"2703","casual_chat","牌子回来了","是吧！牌子回来了！他是全部功能和以前一样嘛？还是改一些东西啊，我上周六跟他们挺严肃地提了一下，我克制住了心情没有说得很严重，后面他们刷到了我的切片。肯定有很多主播反应这个事情的，大家都很在意粉丝牌子的。今天迟到我是有说的和三无看蓝色监狱剧场版，好凉啊这个剧，就有半个月的档期就没了。","R","True","stop","0.985327","","",""
"2713","casual_chat","水母","我看有些人觉得很好有些不好啊","R","True","stop","0.906401","","",""
"2717","casual_chat","帅特日记","欸你别说，我看有一个狼宝的版本还蛮好听的，我觉得我的声音应该还适合这首歌的，但是这个词好像有点羞耻。（看BV1JQhJeZEon）","R","True","stop","0.671392","","",""
"2722","casual_chat","有没有去猫猫家","当然没有啦！我们都是i人互相的交流都蛮少的，就只有偶尔一下拿东西的时候碰到了猫猫的手指，还有最后挥手再见的时候，猫猫以为是要和我击掌，然后就又击了个掌。我们其实去的地方其实蛮少的，基本就是猫猫带着我吃了一家猫猫喜欢的寿司店，其他都是去了正常的地方，白天基本就是去逛谷子店，各种谷子店！（谷子店奇遇~）海景白菜吃，你们知道什么意思嘛？你们知道海景房吧，其实就是用白菜价把海景房买下来~还有你们不要觉得去了日本就随便买买买了啊，毕竟奇怪的是有些谷子在日本买居然比国内闲鱼还贵！明明闲鱼的东西不也是从日本来的嘛，为什么会这样。买gbc谷子的时候有一个盲盒自己就买了一个，然后猫猫也拿了一些，问猫猫","R","True","stop","0.725606","","",""
"2726","casual_chat","私下玩这么花的嘛","那是因为我在弄nunu的时候被三无推荐了特别好的店铺，人家还给我优惠价格，本来三无还说这不得请我吃饭，然后我来了句从今往后你就是我的主人，一般来说都会被吓退了，但是三无抹布录很淡然的就接受了，（三无：那就让我当个月的主人爽爽吧）所以三无就当了我的主人！还有人说我声音变了的，那是前面在聊一些比较伤感的事情嘛，你看我唱完歌现在只能用比较高的声音说话的时候声音不就回来了嘛！好了晚安！/结束","R","True","stop","0.64888","","",""
"2732","casual_chat","只有一个小时二十分钟","你这个人啊，真是（不知道是什么的广告词）","R","True","stop","0.723242","","",""
"2751","casual_chat","我截的就是那张","那只能说咱们有品！当然不是说其他毛怪没品的意思。说着说着就去接杯水喝啦~现在我的杯子只有200ml这样就可以频繁地去接水了。","R","True","stop","0.973042","","",""
"2758","question_answer","两天演出内容是否完全一样？A：两天只有3首歌不一样。Q：svip周边可以单独买吗？A：svip特典买不到，想要那就祝你抢到Q：内场遮挡问题","我们花了很多钱在屏幕上，台子很高，不会有遮挡问题，除非你前面坐的是浩克","R","True","stop","0.616876","","",""
"2759","question_answer","哪一个平台抢票好一点？（哪个平台票多）A：会员购/大麦差不多，小程序稍微少一点 Q：有直播吗？A：无直播，回放视频会在10月3日投稿 大家记得10.3是什么日子嘛？//21年海上油菜花开的那天 Q：个人类是什么意思？","之前是个人，现在这次是人类了！Q：多平台重复购票问题","R","True","stop","0.50084","","",""
"2760","question_answer","那收什么礼物呢？","只收信件/自制物。体积有限制，能放进牛仔裤口袋里的程度。我怕太多我真的怕拿不回去，其实我本来只想收信件的，且最好保存，但是有些同学手工确实很厉害。Q：信件如何转交？","R","True","stop","0.741819","","",""
"2761","question_answer","入场前小活动怎么参加？A：白天运动会要买票的，但是没有单独收门票，只对有演唱会门票开放，考虑场地问题需要再等一等，会给大家安排更舒适的环境Q：行李寄存/巨大体积应援物能否携带入场？","不可以带进场地","R","True","stop","0.571439","","",""
"2762","casual_chat","是否有荧光棒贩售？","贩售周边无荧光棒。可以自己带，常规尺寸，不要搞非常大的 上次油菜花有人带灯管，但是这次不可以。手电筒不可以。可以带其他活动的应援棒，你带别人的活动我更放心呢，自己做的这个我还得警惕一下。Q：有无嘉宾？A：妹有Q：cos入场妆厚人脸识别失败怎么办？A：可以走人工通道，为什么要给自己增加入场难度啊！！！！！Q：我有两张票能带人嘛？A：你第二个人的信息是你朋友就可以呀Q：场馆内有无饮食","R","True","stop","1.0089","","",""
"2763","question_answer","憋不住可以上厕所吗？","场内有厕所的 你尽量憋一憋？因为场里有4000多人呢 两个小时尽量憋一憋！真有大东西憋不住就去吧~ 头几天要做一下饮食管理吧！ 少喝水还是不要，还是得喝水！你把我给说怕了，要是那天兜不住的是我呢！不要问我啊！我也好怕！（今日snp 1/1）Q：场馆内热吗？A：我看过这个场办过的活动，都是没有说热","R","True","stop","0.655313","","",""
"2764","question_answer","没满16家长来不了怎么办？","你太小了不可以单独出现，我们担心你人身安全，打视频？这个也不太好操作 你一定要带家长来！Q：抢不到心仪的票？","R","True","stop","0.735613","","",""
"2765","teasing","两天不一样的歌是什么呢？A：一天是越权访问一天是速通满级攻略，不同的歌里面大家比较了解的是这两首。所以游戏人生啥时候出第二季）你把我问道了呀2333 Q：这次演唱会有新歌首发吗","有的，有一首但也不算首发吧，我会投稿，投稿之后在live上唱。包包Q1：两天都会唱吗 A1：不会。包包Q2：那是哪天会唱呢？A2：不告诉你，我没想好！Q：有没有上海美食推荐","R","True","stop","0.533847","","",""
"2767","question_answer","有激光吗？","好像没有，激光是什么？包包：他们想问的是有没有会损坏设备的激光。哦哦这个我不知道欸，我得去问问，之后再来给大家回答吧。激光……我不知道欸，正常的live会有激光吗 包包：有些会，要做一些舞台效果的时候，但是都是往内打的，不会往外打，不会太影响。星铁的也有激光","R","True","stop","0.499327","","",""
